id,sxx,x,y,z
0,-9999.9999999989,0.005,0,0
1,-9999.9999999992,0.015,0,0
2,-9999.9999999996,0.025,0,0
3,-9999.9999999996,0.035,0,0
4,-9999.9999999999,0.045,0,0
5,-9999.9999999992,0.055,0,0
6,-9999.9999999992,0.065,0,0
7,-9999.9999999992,0.075,0,0
8,-9999.9999999992,0.085,0,0
9,-9999.9999999992,0.095,0,0
10,-9999.9999999989,0.105,0,0
11,-9999.9999999992,0.115,0,0
12,-9999.9999999989,0.125,0,0
13,-9999.9999999992,0.135,0,0
14,-9999.9999999992,0.145,0,0
15,-9999.9999999992,0.155,0,0
16,-9999.9999999985,0.165,0,0
17,-9999.9999999992,0.175,0,0
18,-9999.9999999992,0.185,0,0
19,-9999.9999999989,0.195,0,0
20,-9999.9999999992,0.205,0,0
21,-9999.9999999989,0.215,0,0
22,-9999.9999999992,0.225,0,0
23,-9999.9999999985,0.235,0,0
24,-9999.9999999989,0.245,0,0
25,-9999.9999999985,0.255,0,0
26,-9999.9999999992,0.265,0,0
27,-9999.9999999989,0.275,0,0
28,-9999.9999999996,0.285,0,0
29,-9999.9999999996,0.295,0,0
30,-9999.9999999996,0.305,0,0
31,-10000,0.315,0,0
32,-9999.9999999999,0.325,0,0
33,-10000.000000001,0.335,0,0
34,-10000.000000002,0.345,0,0
35,-10000.000000001,0.355,0,0
36,-10000.000000001,0.365,0,0
37,-10000.000000001,0.375,0,0
38,-10000.000000001,0.385,0,0
39,-10000.000000001,0.395,0,0
40,-10000.000000001,0.405,0,0
41,-10000.000000001,0.415,0,0
42,-10000.000000001,0.425,0,0
43,-10000.000000002,0.435,0,0
44,-10000.000000001,0.445,0,0
45,-10000.000000001,0.455,0,0
46,-10000.000000002,0.465,0,0
47,-10000.000000002,0.475,0,0
48,-10000.000000002,0.485,0,0
49,-10000.000000002,0.495,0,0
50,-10000.000000002,0.505,0,0
51,-10000.000000002,0.515,0,0
52,-10000.000000002,0.525,0,0
53,-10000.000000003,0.535,0,0
54,-10000.000000003,0.545,0,0
55,-10000.000000004,0.555,0,0
56,-10000.000000003,0.565,0,0
57,-10000.000000003,0.575,0,0
58,-10000.000000003,0.585,0,0
59,-10000.000000003,0.595,0,0
60,-10000.000000004,0.605,0,0
61,-10000.000000003,0.615,0,0
62,-10000.000000003,0.625,0,0
63,-10000.000000003,0.635,0,0
64,-10000.000000003,0.645,0,0
65,-10000.000000003,0.655,0,0
66,-10000.000000003,0.665,0,0
67,-10000.000000003,0.675,0,0
68,-10000.000000003,0.685,0,0
69,-10000.000000003,0.695,0,0
70,-10000.000000003,0.705,0,0
71,-10000.000000003,0.715,0,0
72,-10000.000000003,0.725,0,0
73,-10000.000000003,0.735,0,0
74,-10000.000000003,0.745,0,0
75,-10000.000000003,0.755,0,0
76,-10000.000000004,0.765,0,0
77,-10000.000000003,0.775,0,0
78,-10000.000000003,0.785,0,0
79,-10000.000000004,0.795,0,0
80,-10000.000000003,0.805,0,0
81,-10000.000000004,0.815,0,0
82,-10000.000000004,0.825,0,0
83,-10000.000000003,0.835,0,0
84,-10000.000000004,0.845,0,0
85,-10000.000000004,0.855,0,0
86,-10000.000000004,0.865,0,0
87,-10000.000000004,0.875,0,0
88,-10000.000000004,0.885,0,0
89,-10000.000000004,0.895,0,0
90,-10000.000000004,0.905,0,0
91,-10000.000000004,0.915,0,0
92,-10000.000000004,0.925,0,0
93,-10000.000000004,0.935,0,0
94,-10000.000000004,0.945,0,0
95,-10000.000000004,0.955,0,0
96,-10000.000000005,0.965,0,0
97,-10000.000000004,0.975,0,0
98,-10000.000000004,0.985,0,0
99,-10000.000000004,0.995,0,0
100,-10000.000000004,1.005,0,0
101,-10000.000000004,1.015,0,0
102,-10000.000000004,1.025,0,0
103,-10000.000000004,1.035,0,0
104,-10000.000000004,1.045,0,0
105,-10000.000000004,1.055,0,0
106,-10000.000000003,1.065,0,0
107,-10000.000000004,1.075,0,0
108,-10000.000000003,1.085,0,0
109,-10000.000000003,1.095,0,0
110,-10000.000000003,1.105,0,0
111,-10000.000000003,1.115,0,0
112,-10000.000000003,1.125,0,0
113,-10000.000000003,1.135,0,0
114,-10000.000000002,1.145,0,0
115,-10000.000000002,1.155,0,0
116,-10000.000000002,1.165,0,0
117,-10000.000000002,1.175,0,0
118,-10000.000000002,1.185,0,0
119,-10000.000000002,1.195,0,0
120,-10000.000000001,1.205,0,0
121,-10000.000000001,1.215,0,0
122,-10000.000000001,1.225,0,0
123,-10000.000000001,1.235,0,0
124,-10000.000000001,1.245,0,0
125,-10000.000000001,1.255,0,0
126,-10000.000000001,1.265,0,0
127,-10000.000000001,1.275,0,0
128,-10000.000000001,1.285,0,0
129,-10000.000000001,1.295,0,0
130,-10000.000000001,1.305,0,0
131,-10000.000000001,1.315,0,0
132,-10000.000000001,1.325,0,0
133,-10000.000000001,1.335,0,0
134,-10000.000000001,1.345,0,0
135,-10000.000000001,1.355,0,0
136,-10000.000000001,1.365,0,0
137,-9999.9999999999,1.375,0,0
138,-9999.9999999999,1.385,0,0
139,-9999.9999999992,1.395,0,0
140,-9999.9999999996,1.405,0,0
141,-9999.9999999992,1.415,0,0
142,-9999.9999999992,1.425,0,0
143,-9999.9999999996,1.435,0,0
144,-9999.9999999989,1.445,0,0
145,-9999.9999999989,1.455,0,0
146,-9999.9999999989,1.465,0,0
147,-9999.9999999987,1.475,0,0
148,-9999.9999999989,1.485,0,0
149,-9999.9999999989,1.495,0,0
150,-9999.9999999987,1.505,0,0
151,-9999.9999999987,1.515,0,0
152,-9999.9999999985,1.525,0,0
153,-9999.9999999985,1.535,0,0
154,-9999.9999999985,1.545,0,0
155,-9999.9999999982,1.555,0,0
156,-9999.9999999984,1.565,0,0
157,-9999.9999999979,1.575,0,0
158,-9999.9999999974,1.585,0,0
159,-9999.999999997,1.595,0,0
160,-9999.999999997,1.605,0,0
161,-9999.9999999969,1.615,0,0
162,-9999.999999997,1.625,0,0
163,-9999.9999999967,1.635,0,0
164,-9999.9999999965,1.645,0,0
165,-9999.9999999962,1.655,0,0
166,-9999.999999996,1.665,0,0
167,-9999.9999999958,1.675,0,0
168,-9999.9999999957,1.685,0,0
169,-9999.9999999957,1.695,0,0
170,-9999.9999999957,1.705,0,0
171,-9999.9999999955,1.715,0,0
172,-9999.9999999953,1.725,0,0
173,-9999.9999999955,1.735,0,0
174,-9999.9999999955,1.745,0,0
175,-9999.9999999952,1.755,0,0
176,-9999.9999999952,1.765,0,0
177,-9999.999999995,1.775,0,0
178,-9999.9999999952,1.785,0,0
179,-9999.999999995,1.795,0,0
180,-9999.9999999948,1.805,0,0
181,-9999.9999999947,1.815,0,0
182,-9999.999999995,1.825,0,0
183,-9999.9999999948,1.835,0,0
184,-9999.999999995,1.845,0,0
185,-9999.9999999948,1.855,0,0
186,-9999.9999999948,1.865,0,0
187,-9999.9999999945,1.875,0,0
188,-9999.9999999943,1.885,0,0
189,-9999.9999999943,1.895,0,0
190,-9999.9999999941,1.905,0,0
191,-9999.9999999945,1.915,0,0
192,-9999.9999999941,1.925,0,0
193,-9999.9999999941,1.935,0,0
194,-9999.9999999936,1.945,0,0
195,-9999.999999994,1.955,0,0
196,-9999.9999999938,1.965,0,0
197,-9999.999999994,1.975,0,0
198,-9999.9999999938,1.985,0,0
199,-9999.9999999936,1.995,0,0
200,-9999.9999999935,2.005,0,0
201,-9999.9999999935,2.015,0,0
202,-9999.9999999935,2.025,0,0
203,-9999.9999999935,2.035,0,0
204,-9999.9999999933,2.045,0,0
205,-9999.9999999935,2.055,0,0
206,-9999.9999999935,2.065,0,0
207,-9999.9999999936,2.075,0,0
208,-9999.9999999935,2.085,0,0
209,-9999.9999999933,2.095,0,0
210,-9999.9999999935,2.105,0,0
211,-9999.999999993,2.115,0,0
212,-9999.9999999931,2.125,0,0
213,-9999.9999999931,2.135,0,0
214,-9999.9999999931,2.145,0,0
215,-9999.999999993,2.155,0,0
216,-9999.9999999931,2.165,0,0
217,-9999.9999999931,2.175,0,0
218,-9999.9999999931,2.185,0,0
219,-9999.9999999931,2.195,0,0
220,-9999.9999999933,2.205,0,0
221,-9999.9999999931,2.215,0,0
222,-9999.9999999931,2.225,0,0
223,-9999.9999999931,2.235,0,0
224,-9999.999999993,2.245,0,0
225,-9999.9999999932,2.255,0,0
226,-9999.9999999931,2.265,0,0
227,-9999.9999999931,2.275,0,0
228,-9999.9999999931,2.285,0,0
229,-9999.9999999931,2.295,0,0
230,-9999.9999999931,2.305,0,0
231,-9999.9999999932,2.315,0,0
232,-9999.9999999931,2.325,0,0
233,-9999.9999999931,2.335,0,0
234,-9999.999999993,2.345,0,0
235,-9999.9999999931,2.355,0,0
236,-9999.999999993,2.365,0,0
237,-9999.9999999932,2.375,0,0
238,-9999.999999993,2.385,0,0
239,-9999.999999993,2.395,0,0
240,-9999.9999999929,2.405,0,0
241,-9999.999999993,2.415,0,0
242,-9999.9999999929,2.425,0,0
243,-9999.999999993,2.435,0,0
244,-9999.9999999929,2.445,0,0
245,-9999.9999999929,2.455,0,0
246,-9999.9999999929,2.465,0,0
247,-9999.999999993,2.475,0,0
248,-9999.9999999929,2.485,0,0
249,-9999.9999999929,2.495,0,0
250,-9999.999999993,2.505,0,0
251,-9999.9999999929,2.515,0,0
252,-9999.999999993,2.525,0,0
253,-9999.9999999929,2.535,0,0
254,-9999.9999999929,2.545,0,0
255,-9999.9999999929,2.555,0,0
256,-9999.9999999929,2.565,0,0
257,-9999.9999999929,2.575,0,0
258,-9999.9999999929,2.585,0,0
259,-9999.999999993,2.595,0,0
260,-9999.9999999929,2.605,0,0
261,-9999.9999999928,2.615,0,0
262,-9999.9999999929,2.625,0,0
263,-9999.9999999929,2.635,0,0
264,-9999.9999999929,2.645,0,0
265,-9999.9999999929,2.655,0,0
266,-9999.9999999929,2.665,0,0
267,-9999.9999999929,2.675,0,0
268,-9999.9999999929,2.685,0,0
269,-9999.9999999929,2.695,0,0
270,-9999.9999999929,2.705,0,0
271,-9999.9999999929,2.715,0,0
272,-9999.9999999929,2.725,0,0
273,-9999.9999999929,2.735,0,0
274,-9999.9999999929,2.745,0,0
275,-9999.9999999929,2.755,0,0
276,-9999.9999999929,2.765,0,0
277,-9999.9999999929,2.775,0,0
278,-9999.9999999929,2.785,0,0
279,-9999.9999999928,2.795,0,0
280,-9999.9999999928,2.805,0,0
281,-9999.9999999929,2.815,0,0
282,-9999.9999999929,2.825,0,0
283,-9999.9999999929,2.835,0,0
284,-9999.9999999929,2.845,0,0
285,-9999.9999999929,2.855,0,0
286,-9999.9999999928,2.865,0,0
287,-9999.9999999928,2.875,0,0
288,-9999.9999999928,2.885,0,0
289,-9999.9999999928,2.895,0,0
290,-9999.9999999928,2.905,0,0
291,-9999.9999999928,2.915,0,0
292,-9999.9999999928,2.925,0,0
293,-9999.9999999928,2.935,0,0
294,-9999.9999999928,2.945,0,0
295,-9999.9999999928,2.955,0,0
296,-9999.9999999928,2.965,0,0
297,-9999.9999999928,2.975,0,0
298,-9999.9999999928,2.985,0,0
299,-9999.9999999928,2.995,0,0
