id,u,x,y,z
0,1.4999999999997e-07,0,0,0
1,1.4949999999997e-07,0.01,0,0
2,1.4899999999997e-07,0.02,0,0
3,1.4849999999997e-07,0.03,0,0
4,1.4799999999997e-07,0.04,0,0
5,1.4749999999997e-07,0.05,0,0
6,1.4699999999997e-07,0.06,0,0
7,1.4649999999997e-07,0.07,0,0
8,1.4599999999997e-07,0.08,0,0
9,1.4549999999997e-07,0.09,0,0
10,1.4499999999997e-07,0.1,0,0
11,1.4449999999997e-07,0.11,0,0
12,1.4399999999997e-07,0.12,0,0
13,1.4349999999997e-07,0.13,0,0
14,1.4299999999997e-07,0.14,0,0
15,1.4249999999997e-07,0.15,0,0
16,1.4199999999997e-07,0.16,0,0
17,1.4149999999997e-07,0.17,0,0
18,1.4099999999997e-07,0.18,0,0
19,1.4049999999997e-07,0.19,0,0
20,1.3999999999997e-07,0.2,0,0
21,1.3949999999997e-07,0.21,0,0
22,1.3899999999997e-07,0.22,0,0
23,1.3849999999997e-07,0.23,0,0
24,1.3799999999997e-07,0.24,0,0
25,1.3749999999997e-07,0.25,0,0
26,1.3699999999997e-07,0.26,0,0
27,1.3649999999997e-07,0.27,0,0
28,1.3599999999997e-07,0.28,0,0
29,1.3549999999997e-07,0.29,0,0
30,1.3499999999997e-07,0.3,0,0
31,1.3449999999997e-07,0.31,0,0
32,1.3399999999997e-07,0.32,0,0
33,1.3349999999997e-07,0.33,0,0
34,1.3299999999997e-07,0.34,0,0
35,1.3249999999997e-07,0.35,0,0
36,1.3199999999997e-07,0.36,0,0
37,1.3149999999997e-07,0.37,0,0
38,1.3099999999997e-07,0.38,0,0
39,1.3049999999997e-07,0.39,0,0
40,1.2999999999997e-07,0.4,0,0
41,1.2949999999997e-07,0.41,0,0
42,1.2899999999997e-07,0.42,0,0
43,1.2849999999997e-07,0.43,0,0
44,1.2799999999997e-07,0.44,0,0
45,1.2749999999997e-07,0.45,0,0
46,1.2699999999997e-07,0.46,0,0
47,1.2649999999997e-07,0.47,0,0
48,1.2599999999997e-07,0.48,0,0
49,1.2549999999997e-07,0.49,0,0
50,1.2499999999997e-07,0.5,0,0
51,1.2449999999997e-07,0.51,0,0
52,1.2399999999997e-07,0.52,0,0
53,1.2349999999997e-07,0.53,0,0
54,1.2299999999997e-07,0.54,0,0
55,1.2249999999997e-07,0.55,0,0
56,1.2199999999997e-07,0.56,0,0
57,1.2149999999997e-07,0.57,0,0
58,1.2099999999996e-07,0.58,0,0
59,1.2049999999996e-07,0.59,0,0
60,1.1999999999996e-07,0.6,0,0
61,1.1949999999996e-07,0.61,0,0
62,1.1899999999996e-07,0.62,0,0
63,1.1849999999996e-07,0.63,0,0
64,1.1799999999996e-07,0.64,0,0
65,1.1749999999996e-07,0.65,0,0
66,1.1699999999996e-07,0.66,0,0
67,1.1649999999996e-07,0.67,0,0
68,1.1599999999996e-07,0.68,0,0
69,1.1549999999996e-07,0.69,0,0
70,1.1499999999996e-07,0.7,0,0
71,1.1449999999996e-07,0.71,0,0
72,1.1399999999996e-07,0.72,0,0
73,1.1349999999996e-07,0.73,0,0
74,1.1299999999996e-07,0.74,0,0
75,1.1249999999996e-07,0.75,0,0
76,1.1199999999996e-07,0.76,0,0
77,1.1149999999996e-07,0.77,0,0
78,1.1099999999996e-07,0.78,0,0
79,1.1049999999996e-07,0.79,0,0
80,1.0999999999996e-07,0.8,0,0
81,1.0949999999996e-07,0.81,0,0
82,1.0899999999996e-07,0.82,0,0
83,1.0849999999996e-07,0.83,0,0
84,1.0799999999996e-07,0.84,0,0
85,1.0749999999996e-07,0.85,0,0
86,1.0699999999996e-07,0.86,0,0
87,1.0649999999996e-07,0.87,0,0
88,1.0599999999996e-07,0.88,0,0
89,1.0549999999996e-07,0.89,0,0
90,1.0499999999996e-07,0.9,0,0
91,1.0449999999996e-07,0.91,0,0
92,1.0399999999996e-07,0.92,0,0
93,1.0349999999996e-07,0.93,0,0
94,1.0299999999996e-07,0.94,0,0
95,1.0249999999996e-07,0.95,0,0
96,1.0199999999996e-07,0.96,0,0
97,1.0149999999996e-07,0.97,0,0
98,1.0099999999996e-07,0.98,0,0
99,1.0049999999996e-07,0.99,0,0
100,9.9999999999957e-08,1,0,0
101,9.9499999999957e-08,1.01,0,0
102,9.8999999999957e-08,1.02,0,0
103,9.8499999999957e-08,1.03,0,0
104,9.7999999999957e-08,1.04,0,0
105,9.7499999999956e-08,1.05,0,0
106,9.6999999999956e-08,1.06,0,0
107,9.6499999999956e-08,1.07,0,0
108,9.5999999999956e-08,1.08,0,0
109,9.5499999999956e-08,1.09,0,0
110,9.4999999999956e-08,1.1,0,0
111,9.4499999999955e-08,1.11,0,0
112,9.3999999999955e-08,1.12,0,0
113,9.3499999999955e-08,1.13,0,0
114,9.2999999999955e-08,1.14,0,0
115,9.2499999999955e-08,1.15,0,0
116,9.1999999999955e-08,1.16,0,0
117,9.1499999999955e-08,1.17,0,0
118,9.0999999999955e-08,1.18,0,0
119,9.0499999999955e-08,1.19,0,0
120,8.9999999999955e-08,1.2,0,0
121,8.9499999999954e-08,1.21,0,0
122,8.8999999999954e-08,1.22,0,0
123,8.8499999999954e-08,1.23,0,0
124,8.7999999999954e-08,1.24,0,0
125,8.7499999999954e-08,1.25,0,0
126,8.6999999999954e-08,1.26,0,0
127,8.6499999999954e-08,1.27,0,0
128,8.5999999999954e-08,1.28,0,0
129,8.5499999999954e-08,1.29,0,0
130,8.4999999999954e-08,1.3,0,0
131,8.4499999999954e-08,1.31,0,0
132,8.3999999999954e-08,1.32,0,0
133,8.3499999999954e-08,1.33,0,0
134,8.2999999999954e-08,1.34,0,0
135,8.2499999999954e-08,1.35,0,0
136,8.1999999999954e-08,1.36,0,0
137,8.1499999999954e-08,1.37,0,0
138,8.0999999999954e-08,1.38,0,0
139,8.0499999999954e-08,1.39,0,0
140,7.9999999999954e-08,1.4,0,0
141,7.9499999999954e-08,1.41,0,0
142,7.8999999999954e-08,1.42,0,0
143,7.8499999999954e-08,1.43,0,0
144,7.7999999999954e-08,1.44,0,0
145,7.7499999999954e-08,1.45,0,0
146,7.6999999999954e-08,1.46,0,0
147,7.6499999999954e-08,1.47,0,0
148,7.5999999999954e-08,1.48,0,0
149,7.5499999999954e-08,1.49,0,0
150,7.4999999999954e-08,1.5,0,0
151,7.4499999999954e-08,1.51,0,0
152,7.3999999999954e-08,1.52,0,0
153,7.3499999999955e-08,1.53,0,0
154,7.2999999999955e-08,1.54,0,0
155,7.2499999999955e-08,1.55,0,0
156,7.1999999999955e-08,1.56,0,0
157,7.1499999999955e-08,1.57,0,0
158,7.0999999999955e-08,1.58,0,0
159,7.0499999999955e-08,1.59,0,0
160,6.9999999999955e-08,1.6,0,0
161,6.9499999999955e-08,1.61,0,0
162,6.8999999999956e-08,1.62,0,0
163,6.8499999999956e-08,1.63,0,0
164,6.7999999999956e-08,1.64,0,0
165,6.7499999999956e-08,1.65,0,0
166,6.6999999999956e-08,1.66,0,0
167,6.6499999999956e-08,1.67,0,0
168,6.5999999999957e-08,1.68,0,0
169,6.5499999999957e-08,1.69,0,0
170,6.4999999999957e-08,1.7,0,0
171,6.4499999999957e-08,1.71,0,0
172,6.3999999999957e-08,1.72,0,0
173,6.3499999999958e-08,1.73,0,0
174,6.2999999999958e-08,1.74,0,0
175,6.2499999999958e-08,1.75,0,0
176,6.1999999999958e-08,1.76,0,0
177,6.1499999999959e-08,1.77,0,0
178,6.0999999999959e-08,1.78,0,0
179,6.0499999999959e-08,1.79,0,0
180,5.9999999999959e-08,1.8,0,0
181,5.949999999996e-08,1.81,0,0
182,5.899999999996e-08,1.82,0,0
183,5.849999999996e-08,1.83,0,0
184,5.799999999996e-08,1.84,0,0
185,5.7499999999961e-08,1.85,0,0
186,5.6999999999961e-08,1.86,0,0
187,5.6499999999961e-08,1.87,0,0
188,5.5999999999961e-08,1.88,0,0
189,5.5499999999962e-08,1.89,0,0
190,5.4999999999962e-08,1.9,0,0
191,5.4499999999962e-08,1.91,0,0
192,5.3999999999963e-08,1.92,0,0
193,5.3499999999963e-08,1.93,0,0
194,5.2999999999963e-08,1.94,0,0
195,5.2499999999963e-08,1.95,0,0
196,5.1999999999964e-08,1.96,0,0
197,5.1499999999964e-08,1.97,0,0
198,5.0999999999964e-08,1.98,0,0
199,5.0499999999965e-08,1.99,0,0
200,4.9999999999965e-08,2,0,0
201,4.9499999999965e-08,2.01,0,0
202,4.8999999999966e-08,2.02,0,0
203,4.8499999999966e-08,2.03,0,0
204,4.7999999999966e-08,2.04,0,0
205,4.7499999999967e-08,2.05,0,0
206,4.6999999999967e-08,2.06,0,0
207,4.6499999999967e-08,2.07,0,0
208,4.5999999999968e-08,2.08,0,0
209,4.5499999999968e-08,2.09,0,0
210,4.4999999999968e-08,2.1,0,0
211,4.4499999999969e-08,2.11,0,0
212,4.3999999999969e-08,2.12,0,0
213,4.3499999999969e-08,2.13,0,0
214,4.299999999997e-08,2.14,0,0
215,4.249999999997e-08,2.15,0,0
216,4.199999999997e-08,2.16,0,0
217,4.1499999999971e-08,2.17,0,0
218,4.0999999999971e-08,2.18,0,0
219,4.0499999999971e-08,2.19,0,0
220,3.9999999999972e-08,2.2,0,0
221,3.9499999999972e-08,2.21,0,0
222,3.8999999999972e-08,2.22,0,0
223,3.8499999999973e-08,2.23,0,0
224,3.7999999999973e-08,2.24,0,0
225,3.7499999999973e-08,2.25,0,0
226,3.6999999999974e-08,2.26,0,0
227,3.6499999999974e-08,2.27,0,0
228,3.5999999999974e-08,2.28,0,0
229,3.5499999999975e-08,2.29,0,0
230,3.4999999999975e-08,2.3,0,0
231,3.4499999999976e-08,2.31,0,0
232,3.3999999999976e-08,2.32,0,0
233,3.3499999999976e-08,2.33,0,0
234,3.2999999999977e-08,2.34,0,0
235,3.2499999999977e-08,2.35,0,0
236,3.1999999999977e-08,2.36,0,0
237,3.1499999999978e-08,2.37,0,0
238,3.0999999999978e-08,2.38,0,0
239,3.0499999999978e-08,2.39,0,0
240,2.9999999999979e-08,2.4,0,0
241,2.9499999999979e-08,2.41,0,0
242,2.8999999999979e-08,2.42,0,0
243,2.849999999998e-08,2.43,0,0
244,2.799999999998e-08,2.44,0,0
245,2.749999999998e-08,2.45,0,0
246,2.6999999999981e-08,2.46,0,0
247,2.6499999999981e-08,2.47,0,0
248,2.5999999999981e-08,2.48,0,0
249,2.5499999999982e-08,2.49,0,0
250,2.4999999999982e-08,2.5,0,0
251,2.4499999999983e-08,2.51,0,0
252,2.3999999999983e-08,2.52,0,0
253,2.3499999999983e-08,2.53,0,0
254,2.2999999999984e-08,2.54,0,0
255,2.2499999999984e-08,2.55,0,0
256,2.1999999999984e-08,2.56,0,0
257,2.1499999999985e-08,2.57,0,0
258,2.0999999999985e-08,2.58,0,0
259,2.0499999999985e-08,2.59,0,0
260,1.9999999999986e-08,2.6,0,0
261,1.9499999999986e-08,2.61,0,0
262,1.8999999999986e-08,2.62,0,0
263,1.8499999999987e-08,2.63,0,0
264,1.7999999999987e-08,2.64,0,0
265,1.7499999999988e-08,2.65,0,0
266,1.6999999999988e-08,2.66,0,0
267,1.6499999999988e-08,2.67,0,0
268,1.5999999999989e-08,2.68,0,0
269,1.5499999999989e-08,2.69,0,0
270,1.4999999999989e-08,2.7,0,0
271,1.449999999999e-08,2.71,0,0
272,1.399999999999e-08,2.72,0,0
273,1.349999999999e-08,2.73,0,0
274,1.2999999999991e-08,2.74,0,0
275,1.2499999999991e-08,2.75,0,0
276,1.1999999999991e-08,2.76,0,0
277,1.1499999999992e-08,2.77,0,0
278,1.0999999999992e-08,2.78,0,0
279,1.0499999999992e-08,2.79,0,0
280,9.9999999999929e-09,2.8,0,0
281,9.4999999999932e-09,2.81,0,0
282,8.9999999999936e-09,2.82,0,0
283,8.4999999999939e-09,2.83,0,0
284,7.9999999999943e-09,2.84,0,0
285,7.4999999999946e-09,2.85,0,0
286,6.999999999995e-09,2.86,0,0
287,6.4999999999953e-09,2.87,0,0
288,5.9999999999957e-09,2.88,0,0
289,5.4999999999961e-09,2.89,0,0
290,4.9999999999964e-09,2.9,0,0
291,4.4999999999968e-09,2.91,0,0
292,3.9999999999971e-09,2.92,0,0
293,3.4999999999975e-09,2.93,0,0
294,2.9999999999979e-09,2.94,0,0
295,2.4999999999982e-09,2.95,0,0
296,1.9999999999986e-09,2.96,0,0
297,1.4999999999989e-09,2.97,0,0
298,9.9999999999928e-10,2.98,0,0
299,4.9999999999963e-10,2.99,0,0
300,0,3,0,0
